String,Coverage
not targeted specifically,All
no known removal trade,All
no known human use,All
no know.? report.?.?.?.? Use,All
no know.? record.?.?.?.? use,All
trade isnt apparent,All
none known,All
trade unrecorded,All
no known removal trade,All
trade unrecorded,All
no.? know.? use,All
no way use.? trad...?,All
not found commercial pet trade,A
no report.?.?.?.? use,All
not targeted specifically,All
no known human use,All
no use.? know,All
no.? know.? use,All
no re.?or.?.?.?.?.? use,All
no know.? re.?or.?.?.?.?.? use,All
trade unre.?or.?ed,All
no way use.??trad...?,All
trade isnt apparent,All
trade not issue,All
past some commercial,All
hasnt found trade,All
